{
  "temperature": {
    "mu": 37.001235617304296,
    "sigma": 0.20639265260963308
  },
  "ph": {
    "mu": 7.000967346253794,
    "sigma": 0.04749266471041997
  },
  "rpm": {
    "mu": 499.9050596775362,
    "sigma": 4.904365959507522
  }
}